{
"lengthUnit": "mil",
"remark": [],
"components": {
	"fields": ["COMPONENT_NO", "COMPONENT_NAME", "LAYER", "X_COORDINATE", "Y_COORDINATE", "ANGLE"],
	"rows": [
		[1, "C1", "T", 824.664, -2299.381, 0],
		[2, "C2", "T", 824.664, -2416.216, 0],
		[3, "C3", "T", 825, -2540, 0],
		[4, "C4", "T", 165, -710, 0],
		[5, "C5", "T", 164.664, -1658.845, 0],
		[6, "C6", "T", 150, -2895, 90],
		[7, "LED1", "T", 464.724, -2720.395, 0],
		[8, "LED2", "T", 465, -1385, 0],
		[9, "LED3", "T", 465, -960, 0],
		[10, "R1", "T", 815, -2970, 0],
		[11, "R2", "T", 790, -710, 0],
		[12, "R3", "T", 785, -1660, 0],
		[13, "R4", "T", 145, -2300, 0],
		[14, "R5", "T", 145, -2420, 0],
		[15, "R6", "T", 150, -2535, 0],
		[16, "SW3", "T", 470, -710, 0],
		[17, "SW4", "T", 470, -1655, 0],
		[18, "SW5", "T", 475, -2895, 0],
		[19, "U1", "T", 480, -2115, 0],
		[20, "USB1", "T", 475, -3210, 0]
	]
},
"pins": {
	"fields": ["PIN_NO", "PIN_NAME", "PIN_X", "PIN_Y", "LAYER", "PIN_TYPE", "NET_NAME", "NET_TYPE", "PAD_SHAPE", "PAD_SIZEX", "PAD_SIZEY", "HOLE_SIZE", "HOLE_LEN", "PAD_ANGLE"],
	"rows": [
		[1, "C1_1", 785.294, -2299.381, "T", "SMD", "NET_1", "", "R", 55.512, 53.15, 0, 0, 0],
		[2, "C1_2", 864.034, -2299.381, "T", "SMD", "NET_2", "", "R", 55.512, 53.15, 0, 0, 0],
		[3, "C2_1", 785.294, -2416.216, "T", "SMD", "NET_3", "", "R", 55.512, 53.15, 0, 0, 0],
		[4, "C2_2", 864.034, -2416.216, "T", "SMD", "NET_4", "", "R", 55.512, 53.15, 0, 0, 0],
		[5, "C3_1", 785.63, -2540, "T", "SMD", "NET_5", "", "R", 55.512, 53.15, 0, 0, 0],
		[6, "C3_2", 864.37, -2540, "T", "SMD", "NET_6", "", "R", 55.512, 53.15, 0, 0, 0],
		[7, "C4_1", 125.63, -710, "T", "SMD", "NET_7", "", "R", 55.512, 53.15, 0, 0, 0],
		[8, "C4_2", 204.37, -710, "T", "SMD", "NET_8", "", "R", 55.512, 53.15, 0, 0, 0],
		[9, "C5_1", 125.294, -1658.845, "T", "SMD", "NET_9", "", "R", 55.512, 53.15, 0, 0, 0],
		[10, "C5_2", 204.034, -1658.845, "T", "SMD", "NET_10", "", "R", 55.512, 53.15, 0, 0, 0],
		[11, "C6_1", 150, -2934.37, "T", "SMD", "NET_11", "", "R", 55.512, 53.15, 0, 0, 90],
		[12, "C6_2", 150, -2855.63, "T", "SMD", "NET_12", "", "R", 55.512, 53.15, 0, 0, 90],
		[13, "LED1_1", 513.932, -2720.395, "T", "SMD", "NET_13", "", "R", 94.488, 82.677, 0, 0, 0],
		[14, "LED1_2", 415.512, -2720.395, "T", "SMD", "NET_14", "", "R", 61.024, 82.677, 0, 0, 0],
		[15, "LED2_1", 514.208, -1385, "T", "SMD", "NET_15", "", "R", 94.488, 82.677, 0, 0, 0],
		[16, "LED2_2", 415.788, -1385, "T", "SMD", "NET_16", "", "R", 61.024, 82.677, 0, 0, 0],
		[17, "LED3_1", 514.208, -960, "T", "SMD", "NET_17", "", "R", 94.488, 82.677, 0, 0, 0],
		[18, "LED3_2", 415.788, -960, "T", "SMD", "NET_18", "", "R", 61.024, 82.677, 0, 0, 0],
		[19, "R1_1", 775.63, -2970, "T", "SMD", "NET_19", "", "R", 44.588, 54.213, 0, 0, 0],
		[20, "R1_2", 854.37, -2970, "T", "SMD", "NET_20", "", "R", 44.588, 54.213, 0, 0, 0],
		[21, "R2_1", 750.63, -710, "T", "SMD", "NET_21", "", "R", 44.588, 54.213, 0, 0, 0],
		[22, "R2_2", 829.37, -710, "T", "SMD", "NET_22", "", "R", 44.588, 54.213, 0, 0, 0],
		[23, "R3_1", 745.63, -1660, "T", "SMD", "NET_23", "", "R", 44.588, 54.213, 0, 0, 0],
		[24, "R3_2", 824.37, -1660, "T", "SMD", "NET_24", "", "R", 44.588, 54.213, 0, 0, 0],
		[25, "R4_1", 105.63, -2300, "T", "SMD", "NET_25", "", "R", 44.588, 54.213, 0, 0, 0],
		[26, "R4_2", 184.37, -2300, "T", "SMD", "NET_26", "", "R", 44.588, 54.213, 0, 0, 0],
		[27, "R5_1", 105.63, -2420, "T", "SMD", "NET_27", "", "R", 44.588, 54.213, 0, 0, 0],
		[28, "R5_2", 184.37, -2420, "T", "SMD", "NET_28", "", "R", 44.588, 54.213, 0, 0, 0],
		[29, "R6_1", 110.63, -2535, "T", "SMD", "NET_29", "", "R", 44.588, 54.213, 0, 0, 0],
		[30, "R6_2", 189.37, -2535, "T", "SMD", "NET_30", "", "R", 44.588, 54.213, 0, 0, 0],
		[31, "SW3_1", 383.98, -710, "T", "SMD", "NET_31", "", "R", 48.425, 53.543, 0, 0, 0],
		[32, "SW3_2", 556.02, -710, "T", "SMD", "NET_32", "", "R", 48.425, 53.543, 0, 0, 0],
		[33, "SW4_1", 383.98, -1655, "T", "SMD", "NET_33", "", "R", 48.425, 53.543, 0, 0, 0],
		[34, "SW4_2", 556.02, -1655, "T", "SMD", "NET_34", "", "R", 48.425, 53.543, 0, 0, 0],
		[35, "SW5_1", 376.575, -2829.055, "T", "DIP", "NET_35", "", "C", 62.992, 62.992, 39.37, 39.37, 0],
		[36, "SW5_1", 376.575, -2829.055, "B", "DIP", "NET_35", "", "C", 62.992, 62.992, 39.37, 39.37, 0],
		[37, "SW5_2", 474.995, -2829.055, "T", "DIP", "NET_36", "", "C", 62.992, 62.992, 39.37, 39.37, 0],
		[38, "SW5_2", 474.995, -2829.055, "B", "DIP", "NET_36", "", "C", 62.992, 62.992, 39.37, 39.37, 0],
		[39, "SW5_3", 573.425, -2829.055, "T", "DIP", "NET_37", "", "C", 62.992, 62.992, 39.37, 39.37, 0],
		[40, "SW5_3", 573.425, -2829.055, "B", "DIP", "NET_37", "", "C", 62.992, 62.992, 39.37, 39.37, 0],
		[41, "SW5_4", 376.575, -2960.945, "T", "DIP", "NET_38", "", "C", 62.992, 62.992, 39.37, 39.37, 0],
		[42, "SW5_4", 376.575, -2960.945, "B", "DIP", "NET_38", "", "C", 62.992, 62.992, 39.37, 39.37, 0],
		[43, "SW5_5", 474.995, -2960.945, "T", "DIP", "NET_39", "", "C", 62.992, 62.992, 39.37, 39.37, 0],
		[44, "SW5_5", 474.995, -2960.945, "B", "DIP", "NET_39", "", "C", 62.992, 62.992, 39.37, 39.37, 0],
		[45, "SW5_6", 573.425, -2960.945, "T", "DIP", "NET_40", "", "C", 62.992, 62.992, 39.37, 39.37, 0],
		[46, "SW5_6", 573.425, -2960.945, "B", "DIP", "NET_40", "", "C", 62.992, 62.992, 39.37, 39.37, 0],
		[47, "U1_1", 369.764, -2287, "T", "SMD", "NET_41", "", "O", 17.717, 64.961, 0, 0, 0],
		[48, "U1_2", 401.26, -2287, "T", "SMD", "NET_42", "", "O", 17.717, 64.961, 0, 0, 0],
		[49, "U1_3", 432.756, -2287, "T", "SMD", "NET_43", "", "O", 17.717, 64.961, 0, 0, 0],
		[50, "U1_4", 464.252, -2287, "T", "SMD", "NET_44", "", "O", 17.717, 64.961, 0, 0, 0],
		[51, "U1_5", 495.748, -2287, "T", "SMD", "NET_45", "", "O", 17.717, 64.961, 0, 0, 0],
		[52, "U1_6", 527.244, -2287, "T", "SMD", "NET_46", "", "O", 17.717, 64.961, 0, 0, 0],
		[53, "U1_7", 558.74, -2287, "T", "SMD", "NET_47", "", "O", 17.717, 64.961, 0, 0, 0],
		[54, "U1_8", 590.236, -2287, "T", "SMD", "NET_48", "", "O", 17.717, 64.961, 0, 0, 0],
		[55, "U1_9", 652.5, -2225.236, "T", "SMD", "NET_49", "", "O", 64.961, 17.717, 0, 0, 0],
		[56, "U1_10", 652.5, -2193.74, "T", "SMD", "NET_50", "", "O", 64.961, 17.717, 0, 0, 0],
		[57, "U1_11", 652.5, -2162.244, "T", "SMD", "NET_51", "", "O", 64.961, 17.717, 0, 0, 0],
		[58, "U1_12", 652.5, -2130.748, "T", "SMD", "NET_52", "", "O", 64.961, 17.717, 0, 0, 0],
		[59, "U1_13", 652.5, -2099.252, "T", "SMD", "NET_53", "", "O", 64.961, 17.717, 0, 0, 0],
		[60, "U1_14", 652.5, -2067.756, "T", "SMD", "NET_54", "", "O", 64.961, 17.717, 0, 0, 0],
		[61, "U1_15", 652.5, -2036.26, "T", "SMD", "NET_55", "", "O", 64.961, 17.717, 0, 0, 0],
		[62, "U1_16", 652.5, -2004.764, "T", "SMD", "NET_56", "", "O", 64.961, 17.717, 0, 0, 0],
		[63, "U1_17", 590.236, -1943, "T", "SMD", "NET_57", "", "O", 17.717, 64.961, 0, 0, 0],
		[64, "U1_18", 558.74, -1943, "T", "SMD", "NET_58", "", "O", 17.717, 64.961, 0, 0, 0],
		[65, "U1_19", 527.244, -1943, "T", "SMD", "NET_59", "", "O", 17.717, 64.961, 0, 0, 0],
		[66, "U1_20", 495.748, -1943, "T", "SMD", "NET_60", "", "O", 17.717, 64.961, 0, 0, 0],
		[67, "U1_21", 464.252, -1943, "T", "SMD", "NET_61", "", "O", 17.717, 64.961, 0, 0, 0],
		[68, "U1_22", 432.756, -1943, "T", "SMD", "NET_62", "", "O", 17.717, 64.961, 0, 0, 0],
		[69, "U1_23", 401.26, -1943, "T", "SMD", "NET_63", "", "O", 17.717, 64.961, 0, 0, 0],
		[70, "U1_24", 369.764, -1943, "T", "SMD", "NET_64", "", "O", 17.717, 64.961, 0, 0, 0],
		[71, "U1_25", 307.5, -2004.764, "T", "SMD", "NET_65", "", "O", 64.961, 17.717, 0, 0, 0],
		[72, "U1_26", 307.5, -2036.26, "T", "SMD", "NET_66", "", "O", 64.961, 17.717, 0, 0, 0],
		[73, "U1_27", 307.5, -2067.756, "T", "SMD", "NET_67", "", "O", 64.961, 17.717, 0, 0, 0],
		[74, "U1_28", 307.5, -2099.252, "T", "SMD", "NET_68", "", "O", 64.961, 17.717, 0, 0, 0],
		[75, "U1_29", 307.5, -2130.748, "T", "SMD", "NET_69", "", "O", 64.961, 17.717, 0, 0, 0],
		[76, "U1_30", 307.5, -2162.244, "T", "SMD", "NET_70", "", "O", 64.961, 17.717, 0, 0, 0],
		[77, "U1_31", 307.5, -2193.74, "T", "SMD", "NET_71", "", "O", 64.961, 17.717, 0, 0, 0],
		[78, "U1_32", 307.5, -2225.236, "T", "SMD", "NET_72", "", "O", 64.961, 17.717, 0, 0, 0],
		[79, "USB1_1", 349.015, -3116.495, "T", "SMD", "NET_73", "", "R", 21.654, 43.307, 0, 0, 0],
		[80, "USB1_2", 380.515, -3116.495, "T", "SMD", "NET_74", "", "R", 21.654, 43.307, 0, 0, 0],
		[81, "USB1_3", 406.105, -3116.495, "T", "SMD", "NET_75", "", "R", 11.811, 43.307, 0, 0, 0],
		[82, "USB1_4", 425.795, -3116.495, "T", "SMD", "NET_76", "", "R", 11.811, 43.307, 0, 0, 0],
		[83, "USB1_5", 445.475, -3116.495, "T", "SMD", "NET_77", "", "R", 11.811, 43.307, 0, 0, 0],
		[84, "USB1_6", 465.155, -3116.495, "T", "SMD", "NET_78", "", "R", 11.811, 43.307, 0, 0, 0],
		[85, "USB1_7", 484.845, -3116.495, "T", "SMD", "NET_79", "", "R", 11.811, 43.307, 0, 0, 0],
		[86, "USB1_8", 504.525, -3116.495, "T", "SMD", "NET_80", "", "R", 11.811, 43.307, 0, 0, 0],
		[87, "USB1_9", 524.215, -3116.495, "T", "SMD", "NET_81", "", "R", 11.811, 43.307, 0, 0, 0],
		[88, "USB1_10", 543.905, -3116.495, "T", "SMD", "NET_82", "", "R", 11.811, 43.307, 0, 0, 0],
		[89, "USB1_11", 569.495, -3116.495, "T", "SMD", "NET_83", "", "R", 21.654, 43.307, 0, 0, 0],
		[90, "USB1_12", 600.985, -3116.495, "T", "SMD", "NET_84", "", "R", 21.654, 43.307, 0, 0, 0],
		[91, "USB1_13", 304.725, -3138.145, "T", "DIP", "NET_85", "", "O", 43.307, 78.74, 23.622, 59.055, 0],
		[92, "USB1_13", 304.725, -3138.145, "B", "DIP", "NET_85", "", "O", 43.307, 78.74, 23.622, 59.055, 0],
		[93, "USB1_13", 304.725, -3303.505, "T", "DIP", "NET_86", "", "O", 47.244, 70.866, 23.622, 47.244, 0],
		[94, "USB1_13", 304.725, -3303.505, "B", "DIP", "NET_86", "", "O", 47.244, 70.866, 23.622, 47.244, 0],
		[95, "USB1_14", 645.275, -3138.145, "T", "DIP", "NET_87", "", "O", 43.307, 78.74, 23.622, 59.056, 0],
		[96, "USB1_14", 645.275, -3138.145, "B", "DIP", "NET_87", "", "O", 43.307, 78.74, 23.622, 59.056, 0],
		[97, "USB1_14", 645.275, -3303.505, "T", "DIP", "NET_88", "", "O", 47.244, 70.866, 23.622, 47.244, 0],
		[98, "USB1_14", 645.275, -3303.505, "B", "DIP", "NET_88", "", "O", 47.244, 70.866, 23.622, 47.244, 0]
	]
}
}